tweet_id,fecha_creacion,texto,cantidad_likes,cantidad_retweet,usuario,nombre_pantalla,ubicacion,seguidores,longitud,latitud,id_tweet_original
1406030118754062337,2021-06-18 23:24:37,RT @StanleyEpstein: What do YOU know about Malware? https://t.co/PF8JxzT5Go #Malware #Viruses #Worms #Trojans #Hybrids #Ransomware #Fileles...,0,4,3436521521,di993r,,304,None,None,1405519598745702401
1405991336944095232,2021-06-18 20:50:31,RT @StanleyEpstein: What do YOU know about Malware? https://t.co/PF8JxzT5Go #Malware #Viruses #Worms #Trojans #Hybrids #Ransomware #Fileles...,0,4,710123736175783938,sectest9,Hyderabad. India,36074,None,None,1405519598745702401
1405991314760650757,2021-06-18 20:50:26,RT @StanleyEpstein: What do YOU know about Malware? https://t.co/PF8JxzT5Go #Malware #Viruses #Worms #Trojans #Hybrids #Ransomware #Fileles...,0,4,1131854274223366144,cybersec_feeds,Internet,16622,None,None,1405519598745702401
1405520017907601419,2021-06-17 13:37:40,RT @StanleyEpstein: What do YOU know about Malware? https://t.co/PF8JxzT5Go #Malware #Viruses #Worms #Trojans #Hybrids #Ransomware #Fileles...,0,4,1078822476610703360,MaltrakN,Dublin City. Ireland,1515,None,None,1405519598745702401
1405519598745702401,2021-06-17 13:36:00,What do YOU know about Malware? https://t.co/PF8JxzT5Go #Malware #Viruses #Worms #Trojans #Hybrids #Ransomware #FilelessMalware #Adware #Malvertising #Spyware #Cybersecurity https://t.co/rqFBGNOMOm,0,4,42627979,StanleyEpstein,,4773,None,None,N/A
1405108394315468800,2021-06-16 10:22:01,RT @RunMyTech: Have you ever run into a�oying pop-ups with shady or unwanted advertisements on your computer? Such pop-ups are displayed b...,0,1,861941304841965569,RunMyTech,London. England,151,None,None,1359462626556743681
1404515936082694144,2021-06-14 19:07:48,Scraped my profile to see who is really keeping tabs  If you're on this list it's because you look at my stuff a lot  #NETSEC #CYBERSEC #INFOSEC #ADWARE https://t.co/5gsbReUFMS,1,0,1353547912316297216,Balthrop_Trevor,San Francisco. CA,357,None,None,N/A
1404285786560864256,2021-06-14 03:53:16,RT @StanleyEpstein: What do YOU know about Malware? https://t.co/PF8JxzT5Go #Malware #Viruses #Worms #Trojans #Hybrids #Ransomware #Fileles...,0,4,1131854274223366144,cybersec_feeds,Internet,16622,None,None,1403729050674286599
1404249441842905090,2021-06-14 01:28:51,RT @StanleyEpstein: What do YOU know about Malware? https://t.co/PF8JxzT5Go #Malware #Viruses #Worms #Trojans #Hybrids #Ransomware #Fileles...,0,4,3436521521,di993r,,304,None,None,1403729050674286599
1403729357881982981,2021-06-12 15:02:13,RT @StanleyEpstein: What do YOU know about Malware? https://t.co/PF8JxzT5Go #Malware #Viruses #Worms #Trojans #Hybrids #Ransomware #Fileles...,0,4,1078822476610703360,MaltrakN,Dublin City. Ireland,1515,None,None,1403729050674286599
1403729119116861446,2021-06-12 15:01:16,RT @StanleyEpstein: What do YOU know about Malware? https://t.co/PF8JxzT5Go #Malware #Viruses #Worms #Trojans #Hybrids #Ransomware #Fileles...,0,4,1238709740777037824,botcybersec,India,1294,None,None,1403729050674286599
1403729050674286599,2021-06-12 15:01:00,What do YOU know about Malware? https://t.co/PF8JxzT5Go #Malware #Viruses #Worms #Trojans #Hybrids #Ransomware #FilelessMalware #Adware #Malvertising #Spyware #Cybersecurity https://t.co/LAykw8pRuS,0,4,42627979,StanleyEpstein,,4773,None,None,N/A
1403453429725474824,2021-06-11 20:45:47,RT @Balthrop_Trevor: Can anyone tell me why it's significantly easier to scam and exploit US citizens compared to just about any other coun...,0,3,69097408,beefyspace,Neither here nor there,804,None,None,1403450645303107586
1403451181486194694,2021-06-11 20:36:51,RT @Balthrop_Trevor: Can anyone tell me why it's significantly easier to scam and exploit US citizens compared to just about any other coun...,0,3,1238709740777037824,botcybersec,India,1294,None,None,1403450645303107586
1403450645303107586,2021-06-11 20:34:43,Can anyone tell me why it's significantly easier to scam and exploit US citizens compared to just about any other country in the world?   #NationalSecurity #CyberSecurity #Section230 #CyberTerror #cybersec #infosec #FBI #DOJ #scammers #phishing #exploit #malware #adware,2,3,1353547912316297216,Balthrop_Trevor,San Francisco. CA,357,None,None,N/A
1403347714469990400,2021-06-11 13:45:42,RT @Balthrop_Trevor: Ransomware on most everyones' Phones in mass?  Imagine how crippling!  Yet everything for that to be is right there wa...,0,6,69097408,beefyspace,Neither here nor there,804,None,None,1403075778556809218
1403346759913328644,2021-06-11 13:41:55,RT @Balthrop_Trevor: Ransomware on most everyones' Phones in mass?  Imagine how crippling!  Yet everything for that to be is right there wa...,0,6,1353547912316297216,Balthrop_Trevor,San Francisco. CA,357,None,None,1403075778556809218
1403148249612001285,2021-06-11 00:33:06,RT @ptracesecurity: OSX/Hydromac New Mac adware. leaked from a flashcards app. https://t.co/UKwBhUEGnA  #Pentesting #Adware #CyberSecurity...,0,5,831880573375221761,WBGlIl,Japan,449,None,None,1402141323071795202
1403077924014542849,2021-06-10 19:53:39,RT @Balthrop_Trevor: Ransomware on most everyones' Phones in mass?  Imagine how crippling!  Yet everything for that to be is right there wa...,0,6,1219853635,rec0nus,California. USA,898,None,None,1403075778556809218
1403076394251440132,2021-06-10 19:47:34,RT @Balthrop_Trevor: Ransomware on most everyones' Phones in mass?  Imagine how crippling!  Yet everything for that to be is right there wa...,0,6,1316692888550404097,Lovescience15,,917,None,None,1403075778556809218
1403076018072604673,2021-06-10 19:46:05,RT @Balthrop_Trevor: Ransomware on most everyones' Phones in mass?  Imagine how crippling!  Yet everything for that to be is right there wa...,0,6,1238709740777037824,botcybersec,India,1294,None,None,1403075778556809218
1403075778556809218,2021-06-10 19:45:08,Ransomware on most everyones' Phones in mass?  Imagine how crippling!  Yet everything for that to be is right there waiting to happen.  #cyber #cybersec #cybersecurity #cyberattack #infosec #informationsecurity #phishing #cyberterror #ransomware #adware #adtargeting #Android #app,5,6,1353547912316297216,Balthrop_Trevor,San Francisco. CA,357,None,None,N/A
